# {"t_start": 1557355197.2549047, "env_id": "DeepCars-v0"} 
r,l,t
-989,12,5.741312
-993,8,6.445398
-990,11,7.30532
