# {"t_start": 1558064817.909092, "env_id": "DeepCars-v0"} 
r,l,t
147,149,6.900837
70,72,8.960779
78,80,11.235763
172,174,16.115488
295,297,24.739359
