# {"t_start": 1557355310.7645125, "env_id": "DeepCars-v0"} 
r,l,t
-977,24,5.685007
-989,12,6.376477
-982,19,7.217996
-983,18,8.080126
