# {"t_start": 1557881456.8845081, "env_id": "DeepCars-v0"} 
r,l,t
-976,25,6.862523
-993,8,7.334073
-980,21,8.313083
-984,17,9.153881
-992,9,9.676966
