# {"t_start": 1557882200.4102879, "env_id": "DeepCars-v0"} 
r,l,t
-993,8,11.668561
