# {"t_start": 1557355368.4911807, "env_id": "DeepCars-v0"} 
r,l,t
-993,8,5.026467
-993,8,5.512154
-991,10,6.081535
-993,8,6.58647
