# {"t_start": 1557355169.213121, "env_id": "DeepCars-v0"} 
r,l,t
-987,14,5.89024
-992,9,6.705963
-991,10,7.531195
-993,8,8.304004
-987,14,9.444185
