# {"t_start": 1557355444.2889936, "env_id": "DeepCars-v0"} 
r,l,t
-993,8,6.58731
-989,12,9.24443
-992,9,11.324957
